image_id,label
test_1000a,candy
test_1000b,honey
test_1000c,vinegar
test_1000d,water
test_1001a,candy
test_1001b,chocolate
test_1001c,juice
test_1001d,honey
test_1002a,sugar
test_1002b,juice
test_1002c,jam
test_1002d,sugar
test_1003a,candy
test_1003b,sugar
test_1003c,honey
test_1003d,juice
test_1004a,soda
test_1004b,rice
test_1004c,juice
test_1004d,pasta
test_1005a,vinegar
test_1005b,cake
test_1005c,juice
test_1005d,candy
test_1006a,nuts
test_1006b,tea
test_1006c,tomatosauce
test_1006d,vinegar
test_1007a,juice
test_1007b,water
test_1007c,cake
test_1007d,honey
test_1008a,soda
test_1008b,flour
test_1008c,cake
test_1008d,vinegar
test_1009a,water
test_1009b,vinegar
test_1009c,tea
test_1009d,honey
test_1010a,chocolate
test_1010b,chips
test_1010c,water
test_1010d,juice
test_1011a,beans
test_1011b,juice
test_1011c,beans
test_1011d,pasta
test_1012a,candy
test_1012b,spices
test_1012c,tea
test_1012d,juice
test_1013a,candy
test_1013b,candy
test_1013c,coffee
test_1013d,jam
test_1014a,candy
test_1014b,coffee
test_1014c,soda
test_1014d,honey
test_1015a,pasta
test_1015b,soda
test_1015c,tomatosauce
test_1015d,cereal
test_1016a,juice
test_1016b,beans
test_1016c,tea
test_1016d,vinegar
test_1017a,rice
test_1017b,tea
test_1017c,tea
test_1017d,tea
test_1018a,candy
test_1018b,chocolate
test_1018c,coffee
test_1018d,candy
test_1019a,milk
test_1019b,vinegar
test_1019c,tea
test_1019d,honey
test_1020a,water
test_1020b,cake
test_1020c,oil
test_1020d,cereal
test_1021a,honey
test_1021b,oil
test_1021c,cereal
test_1021d,rice
test_1022a,oil
test_1022b,juice
test_1022c,chips
test_1022d,cereal
test_1023a,sugar
test_1023b,candy
test_1023c,cereal
test_1023d,water
test_1024a,spices
test_1024b,pasta
test_1024c,coffee
test_1024d,chips
test_1025a,chips
test_1025b,water
test_1025c,rice
test_1025d,fish
test_1026a,sugar
test_1026b,tea
test_1026c,honey
test_1026d,juice
test_1027a,cake
test_1027b,honey
test_1027c,cereal
test_1027d,oil
test_1028a,tea
test_1028b,tea
test_1028c,nuts
test_1028d,milk
test_1029a,chocolate
test_1029b,pasta
test_1029c,soda
test_1029d,chips
test_1030a,tea
test_1030b,soda
test_1030c,beans
test_1030d,jam
test_1031a,sugar
test_1031b,soda
test_1031c,honey
test_1031d,rice
test_1032a,honey
test_1032b,vinegar
test_1032c,soda
test_1032d,tea
test_1033a,flour
test_1033b,water
test_1033c,chocolate
test_1033d,sugar
test_1034a,oil
test_1034b,fish
test_1034c,soda
test_1034d,spices
test_1035a,juice
test_1035b,chocolate
test_1035c,chocolate
test_1035d,soda
test_1036a,chocolate
test_1036b,jam
test_1036c,jam
test_1036d,cereal
test_1037a,chocolate
test_1037b,water
test_1037c,juice
test_1037d,pasta
test_1038a,pasta
test_1038b,flour
test_1038c,rice
test_1038d,honey
test_1039a,tomatosauce
test_1039b,nuts
test_1039c,tea
test_1039d,candy
test_1040a,juice
test_1040b,cereal
test_1040c,tea
test_1040d,coffee
test_1041a,juice
test_1041b,sugar
test_1041c,chocolate
test_1041d,chocolate
test_1042a,beans
test_1042b,juice
test_1042c,sugar
test_1042d,cereal
test_1043a,chocolate
test_1043b,sugar
test_1043c,juice
test_1043d,oil
test_1044a,water
test_1044b,chocolate
test_1044c,soda
test_1044d,cake
test_1045a,coffee
test_1045b,cereal
test_1045c,cereal
test_1045d,chocolate
test_1046a,chips
test_1046b,rice
test_1046c,coffee
test_1046d,soda
test_1047a,coffee
test_1047b,water
test_1047c,juice
test_1047d,tea
test_1048a,fish
test_1048b,chocolate
test_1048c,soda
test_1048d,nuts
test_1049a,milk
test_1049b,chips
test_1049c,juice
test_1049d,coffee
test_1050a,tea
test_1050b,chocolate
test_1050c,coffee
test_1050d,chips
test_1051a,rice
test_1051b,chips
test_1051c,fish
test_1051d,coffee
test_1052a,tomatosauce
test_1052b,beans
test_1052c,juice
test_1052d,cake
test_1053a,milk
test_1053b,sugar
test_1053c,fish
test_1053d,jam
test_1054a,pasta
test_1054b,candy
test_1054c,chocolate
test_1054d,sugar
test_1055a,jam
test_1055b,chocolate
test_1055c,juice
test_1055d,juice
test_1056a,candy
test_1056b,oil
test_1056c,coffee
test_1056d,coffee
test_1057a,sugar
test_1057b,nuts
test_1057c,tomatosauce
test_1057d,jam
test_1058a,beans
test_1058b,cake
test_1058c,jam
test_1058d,chocolate
test_1059a,jam
test_1059b,tea
test_1059c,spices
test_1059d,soda
test_1060a,chocolate
test_1060b,vinegar
test_1060c,juice
test_1060d,candy
test_1061a,milk
test_1061b,cereal
test_1061c,juice
test_1061d,sugar
test_1062a,candy
test_1062b,nuts
test_1062c,cereal
test_1062d,jam
test_1063a,corn
test_1063b,juice
test_1063c,rice
test_1063d,honey
test_1064a,beans
test_1064b,rice
test_1064c,cake
test_1064d,vinegar
test_1065a,water
test_1065b,chips
test_1065c,pasta
test_1065d,cake
test_1066a,chocolate
test_1066b,beans
test_1066c,coffee
test_1066d,jam
test_1067a,beans
test_1067b,soda
test_1067c,water
test_1067d,milk
test_1068a,juice
test_1068b,honey
test_1068c,chocolate
test_1068d,candy
test_1069a,coffee
test_1069b,tea
test_1069c,chocolate
test_1069d,coffee
test_1070a,candy
test_1070b,pasta
test_1070c,juice
test_1070d,nuts
test_1071a,spices
test_1071b,chocolate
test_1071c,tea
test_1071d,water
test_1072a,coffee
test_1072b,rice
test_1072c,soda
test_1072d,soda
test_1073a,chocolate
test_1073b,chips
test_1073c,nuts
test_1073d,water
test_1074a,beans
test_1074b,flour
test_1074c,tea
test_1074d,jam
test_1075a,cake
test_1075b,juice
test_1075c,jam
test_1075d,rice
test_1076a,soda
test_1076b,chocolate
test_1076c,cereal
test_1076d,corn
test_1077a,water
test_1077b,honey
test_1077c,coffee
test_1077d,chips
test_1078a,chocolate
test_1078b,cake
test_1078c,coffee
test_1078d,soda
test_1079a,water
test_1079b,sugar
test_1079c,water
test_1079d,spices
test_1080a,tea
test_1080b,milk
test_1080c,coffee
test_1080d,juice
test_1081a,beans
test_1081b,fish
test_1081c,candy
test_1081d,spices
test_1082a,beans
test_1082b,juice
test_1082c,soda
test_1082d,candy
test_1083a,juice
test_1083b,juice
test_1083c,cake
test_1083d,sugar
test_1084a,tomatosauce
test_1084b,tea
test_1084c,tomatosauce
test_1084d,candy
test_1085a,cereal
test_1085b,juice
test_1085c,chips
test_1085d,honey
test_1086a,coffee
test_1086b,coffee
test_1086c,candy
test_1086d,candy
test_1087a,water
test_1087b,rice
test_1087c,coffee
test_1087d,juice
test_1088a,cake
test_1088b,rice
test_1088c,jam
test_1088d,water
test_1089a,juice
test_1089b,honey
test_1089c,water
test_1089d,candy
test_1090a,juice
test_1090b,pasta
test_1090c,candy
test_1090d,honey
test_1091a,tomatosauce
test_1091b,juice
test_1091c,tea
test_1091d,flour
test_1092a,chocolate
test_1092b,nuts
test_1092c,tea
test_1092d,tea
test_1093a,milk
test_1093b,chocolate
test_1093c,sugar
test_1093d,water
test_1094a,juice
test_1094b,beans
test_1094c,honey
test_1094d,rice
test_1095a,juice
test_1095b,chocolate
test_1095c,soda
test_1095d,chips
test_1096a,fish
test_1096b,chocolate
test_1096c,tea
test_1096d,coffee
test_1097a,soda
test_1097b,juice
test_1097c,soda
test_1097d,soda
test_1098a,candy
test_1098b,cereal
test_1098c,sugar
test_1098d,spices
test_1099a,candy
test_1099b,coffee
test_1099c,nuts
test_1099d,honey
test_1100a,tomatosauce
test_1100b,water
test_1100c,cake
test_1100d,spices
test_1101a,oil
test_1101b,cereal
test_1101c,spices
test_1101d,beans
test_1102a,sugar
test_1102b,candy
test_1102c,candy
test_1102d,coffee
test_1103a,soda
test_1103b,chocolate
test_1103c,milk
test_1103d,water
test_1104a,tea
test_1104b,milk
test_1104c,flour
test_1104d,water
test_1105a,chocolate
test_1105b,honey
test_1105c,jam
test_1105d,candy
test_1106a,spices
test_1106b,coffee
test_1106c,tomatosauce
test_1106d,candy
test_1107a,tea
test_1107b,chocolate
test_1107c,oil
test_1107d,honey
test_1108a,nuts
test_1108b,soda
test_1108c,candy
test_1108d,chips
test_1109a,juice
test_1109b,chocolate
test_1109c,chocolate
test_1109d,nuts
test_1110a,sugar
test_1110b,vinegar
test_1110c,candy
test_1110d,coffee
test_1111a,rice
test_1111b,tea
test_1111c,cereal
test_1111d,pasta
test_1112a,coffee
test_1112b,spices
test_1112c,pasta
test_1112d,chocolate
test_1113a,candy
test_1113b,chocolate
test_1113c,cereal
test_1113d,nuts
test_1114a,juice
test_1114b,cake
test_1114c,honey
test_1114d,coffee
test_1115a,rice
test_1115b,honey
test_1115c,tomatosauce
test_1115d,rice
test_1116a,cereal
test_1116b,juice
test_1116c,juice
test_1116d,nuts
test_1117a,fish
test_1117b,spices
test_1117c,fish
test_1117d,soda
test_1118a,cereal
test_1118b,beans
test_1118c,chips
test_1118d,juice
test_1119a,juice
test_1119b,cereal
test_1119c,milk
test_1119d,jam
test_1120a,soda
test_1120b,vinegar
test_1120c,rice
test_1120d,water
test_1121a,oil
test_1121b,fish
test_1121c,spices
test_1121d,juice
test_1122a,sugar
test_1122b,chocolate
test_1122c,vinegar
test_1122d,tomatosauce
test_1123a,soda
test_1123b,jam
test_1123c,jam
test_1123d,candy
test_1124a,water
test_1124b,water
test_1124c,tea
test_1124d,corn
test_1125a,tea
test_1125b,water
test_1125c,rice
test_1125d,flour
test_1126a,chocolate
test_1126b,candy
test_1126c,chips
test_1126d,rice
test_1127a,vinegar
test_1127b,honey
test_1127c,oil
test_1127d,beans
test_1128a,jam
test_1128b,chips
test_1128c,water
test_1128d,corn
test_1129a,cake
test_1129b,candy
test_1129c,vinegar
test_1129d,honey
test_1130a,coffee
test_1130b,cake
test_1130c,tea
test_1130d,juice
test_1131a,chocolate
test_1131b,beans
test_1131c,pasta
test_1131d,jam
test_1132a,candy
test_1132b,rice
test_1132c,cereal
test_1132d,beans
test_1133a,tea
test_1133b,coffee
test_1133c,tea
test_1133d,tea
test_1134a,water
test_1134b,honey
test_1134c,tomatosauce
test_1134d,sugar
test_1135a,candy
test_1135b,soda
test_1135c,tea
test_1135d,water
test_1136a,beans
test_1136b,corn
test_1136c,chocolate
test_1136d,juice
test_1137a,rice
test_1137b,juice
test_1137c,chocolate
test_1137d,pasta
test_1138a,juice
test_1138b,chips
test_1138c,water
test_1138d,tomatosauce
test_1139a,coffee
test_1139b,juice
test_1139c,water
test_1139d,beans
test_1140a,tea
test_1140b,milk
test_1140c,chocolate
test_1140d,cake
test_1141a,jam
test_1141b,cake
test_1141c,nuts
test_1141d,sugar
test_1142a,water
test_1142b,corn
test_1142c,water
test_1142d,cake
test_1143a,nuts
test_1143b,spices
test_1143c,juice
test_1143d,juice
test_1144a,candy
test_1144b,water
test_1144c,beans
test_1144d,coffee
test_1145a,chocolate
test_1145b,milk
test_1145c,chocolate
test_1145d,juice
test_1146a,soda
test_1146b,nuts
test_1146c,milk
test_1146d,tea
test_1147a,tomatosauce
test_1147b,cake
test_1147c,chocolate
test_1147d,fish
test_1148a,tea
test_1148b,pasta
test_1148c,juice
test_1148d,spices
test_1149a,water
test_1149b,tea
test_1149c,honey
test_1149d,honey
test_1150a,honey
test_1150b,juice
test_1150c,sugar
test_1150d,tomatosauce
test_1151a,chocolate
test_1151b,coffee
test_1151c,sugar
test_1151d,chocolate
test_1152a,spices
test_1152b,spices
test_1152c,soda
test_1152d,rice
test_1153a,pasta
test_1153b,pasta
test_1153c,jam
test_1153d,nuts
test_1154a,tea
test_1154b,sugar
test_1154c,sugar
test_1154d,tea
test_1155a,fish
test_1155b,candy
test_1155c,nuts
test_1155d,coffee
test_1156a,tomatosauce
test_1156b,flour
test_1156c,juice
test_1156d,juice
test_1157a,tea
test_1157b,beans
test_1157c,honey
test_1157d,soda
test_1158a,chocolate
test_1158b,juice
test_1158c,water
test_1158d,juice
test_1159a,beans
test_1159b,spices
test_1159c,candy
test_1159d,coffee
test_1160a,cake
test_1160b,rice
test_1160c,cake
test_1160d,cereal
test_1161a,soda
test_1161b,tea
test_1161c,honey
test_1161d,cake
test_1162a,chips
test_1162b,chips
test_1162c,rice
test_1162d,nuts
test_1163a,nuts
test_1163b,sugar
test_1163c,corn
test_1163d,oil
test_1164a,tea
test_1164b,nuts
test_1164c,honey
test_1164d,candy
test_1165a,flour
test_1165b,juice
test_1165c,juice
test_1165d,jam
test_1166a,cereal
test_1166b,spices
test_1166c,tomatosauce
test_1166d,juice
test_1167a,juice
test_1167b,tea
test_1167c,tea
test_1167d,chips
test_1168a,jam
test_1168b,spices
test_1168c,soda
test_1168d,nuts
test_1169a,beans
test_1169b,water
test_1169c,pasta
test_1169d,rice
test_1170a,juice
test_1170b,chips
test_1170c,chips
test_1170d,pasta
test_1171a,chocolate
test_1171b,rice
test_1171c,candy
test_1171d,chips
test_1172a,tea
test_1172b,candy
test_1172c,tea
test_1172d,jam
test_1173a,cereal
test_1173b,spices
test_1173c,sugar
test_1173d,rice
test_1174a,beans
test_1174b,candy
test_1174c,beans
test_1174d,juice
test_1175a,tomatosauce
test_1175b,sugar
test_1175c,cake
test_1175d,honey
test_1176a,spices
test_1176b,sugar
test_1176c,juice
test_1176d,cake
test_1177a,coffee
test_1177b,pasta
test_1177c,chips
test_1177d,vinegar
test_1178a,tomatosauce
test_1178b,chips
test_1178c,jam
test_1178d,water
test_1179a,honey
test_1179b,jam
test_1179c,coffee
test_1179d,chips
test_1180a,tea
test_1180b,candy
test_1180c,milk
test_1180d,jam
test_1181a,cake
test_1181b,chips
test_1181c,soda
test_1181d,nuts
test_1182a,jam
test_1182b,cereal
test_1182c,soda
test_1182d,honey
test_1183a,nuts
test_1183b,water
test_1183c,water
test_1183d,honey
test_1184a,juice
test_1184b,coffee
test_1184c,sugar
test_1184d,candy
test_1185a,chips
test_1185b,candy
test_1185c,candy
test_1185d,spices
test_1186a,chips
test_1186b,coffee
test_1186c,pasta
test_1186d,beans
test_1187a,chips
test_1187b,candy
test_1187c,juice
test_1187d,chips
test_1188a,beans
test_1188b,vinegar
test_1188c,jam
test_1188d,tea
test_1189a,cereal
test_1189b,cereal
test_1189c,candy
test_1189d,corn
test_1190a,cereal
test_1190b,tea
test_1190c,candy
test_1190d,soda
test_1191a,corn
test_1191b,candy
test_1191c,chocolate
test_1191d,tea
test_1192a,milk
test_1192b,tea
test_1192c,juice
test_1192d,nuts
test_1193a,chips
test_1193b,coffee
test_1193c,juice
test_1193d,oil
test_1194a,spices
test_1194b,cake
test_1194c,corn
test_1194d,flour
test_1195a,honey
test_1195b,beans
test_1195c,cereal
test_1195d,cake
test_1196a,jam
test_1196b,juice
test_1196c,tea
test_1196d,honey
test_1197a,spices
test_1197b,honey
test_1197c,soda
test_1197d,tea
test_1198a,chips
test_1198b,juice
test_1198c,jam
test_1198d,chocolate
test_1199a,honey
test_1199b,pasta
test_1199c,sugar
test_1199d,spices
test_1200a,tea
test_1200b,cereal
test_1200c,tomatosauce
test_1200d,beans
test_1201a,nuts
test_1201b,juice
test_1201c,chocolate
test_1201d,spices
test_1202a,cake
test_1202b,tea
test_1202c,tomatosauce
test_1202d,chocolate
test_1203a,coffee
test_1203b,beans
test_1203c,pasta
test_1203d,tea
test_1204a,water
test_1204b,water
test_1204c,spices
test_1204d,corn
test_1205a,juice
test_1205b,water
test_1205c,candy
test_1205d,tea
test_1206a,candy
test_1206b,sugar
test_1206c,cake
test_1206d,vinegar
test_1207a,tea
test_1207b,sugar
test_1207c,soda
test_1207d,candy
test_1208a,sugar
test_1208b,flour
test_1208c,corn
test_1208d,juice
test_1209a,nuts
test_1209b,jam
test_1209c,water
test_1209d,coffee
test_1210a,water
test_1210b,coffee
test_1210c,juice
test_1210d,cake
test_1211a,jam
test_1211b,nuts
test_1211c,chocolate
test_1211d,juice
test_1212a,candy
test_1212b,corn
test_1212c,chocolate
test_1212d,jam
test_1213a,tea
test_1213b,jam
test_1213c,nuts
test_1213d,vinegar
test_1214a,soda
test_1214b,chips
test_1214c,water
test_1214d,jam
test_1215a,honey
test_1215b,tea
test_1215c,water
test_1215d,nuts
test_1216a,vinegar
test_1216b,candy
test_1216c,tea
test_1216d,coffee
test_1217a,cake
test_1217b,tea
test_1217c,nuts
test_1217d,honey
test_1218a,juice
test_1218b,chocolate
test_1218c,candy
test_1218d,sugar
test_1219a,coffee
test_1219b,candy
test_1219c,sugar
test_1219d,honey
test_1220a,soda
test_1220b,juice
test_1220c,chocolate
test_1220d,chips
test_1221a,juice
test_1221b,tea
test_1221c,coffee
test_1221d,vinegar
test_1222a,pasta
test_1222b,cake
test_1222c,tea
test_1222d,juice
test_1223a,pasta
test_1223b,juice
test_1223c,cereal
test_1223d,honey
test_1224a,candy
test_1224b,juice
test_1224c,vinegar
test_1224d,jam
test_1225a,rice
test_1225b,water
test_1225c,soda
test_1225d,corn
test_1226a,tomatosauce
test_1226b,candy
test_1226c,tea
test_1226d,chocolate
test_1227a,candy
test_1227b,juice
test_1227c,juice
test_1227d,juice
test_1228a,corn
test_1228b,tea
test_1228c,juice
test_1228d,tomatosauce
test_1229a,rice
test_1229b,coffee
test_1229c,rice
test_1229d,spices
test_1230a,soda
test_1230b,juice
test_1230c,water
test_1230d,nuts
test_1231a,juice
test_1231b,tea
test_1231c,pasta
test_1231d,oil
test_1232a,chocolate
test_1232b,chocolate
test_1232c,rice
test_1232d,juice
test_1233a,juice
test_1233b,chocolate
test_1233c,juice
test_1233d,soda
test_1234a,honey
test_1234b,corn
test_1234c,water
test_1234d,vinegar
test_1235a,tomatosauce
test_1235b,tea
test_1235c,juice
test_1235d,pasta
test_1236a,chocolate
test_1236b,rice
test_1236c,cake
test_1236d,jam
test_1237a,vinegar
test_1237b,fish
test_1237c,tomatosauce
test_1237d,pasta
test_1238a,candy
test_1238b,rice
test_1238c,water
test_1238d,nuts
test_1239a,chips
test_1239b,tea
test_1239c,cake
test_1239d,candy
test_1240a,tea
test_1240b,rice
test_1240c,jam
test_1240d,chocolate
test_1241a,chips
test_1241b,tomatosauce
test_1241c,milk
test_1241d,chips
test_1242a,beans
test_1242b,soda
test_1242c,beans
test_1242d,cereal
test_1243a,honey
test_1243b,rice
test_1243c,water
test_1243d,tea
test_1244a,nuts
test_1244b,tea
test_1244c,honey
test_1244d,vinegar
test_1245a,chips
test_1245b,water
test_1245c,juice
test_1245d,tea
test_1246a,nuts
test_1246b,spices
test_1246c,chips
test_1246d,chips
test_1247a,milk
test_1247b,juice
test_1247c,jam
test_1247d,spices
test_1248a,honey
test_1248b,sugar
test_1248c,candy
test_1248d,tomatosauce
test_1249a,chips
test_1249b,water
test_1249c,juice
test_1249d,juice
test_1250a,water
test_1250b,cake
test_1250c,honey
test_1250d,juice
test_1251a,candy
test_1251b,water
test_1251c,water
test_1251d,jam
test_1252a,pasta
test_1252b,tea
test_1252c,candy
test_1252d,jam
test_1253a,water
test_1253b,pasta
test_1253c,sugar
test_1253d,flour
test_1254a,candy
test_1254b,milk
test_1254c,nuts
test_1254d,juice
test_1255a,pasta
test_1255b,sugar
test_1255c,chocolate
test_1255d,corn
test_1256a,cereal
test_1256b,rice
test_1256c,tomatosauce
test_1256d,corn
test_1257a,tea
test_1257b,tea
test_1257c,chocolate
test_1257d,candy
test_1258a,juice
test_1258b,juice
test_1258c,tea
test_1258d,coffee
test_1259a,water
test_1259b,tea
test_1259c,vinegar
test_1259d,pasta
test_1260a,tomatosauce
test_1260b,juice
test_1260c,candy
test_1260d,candy
test_1261a,chips
test_1261b,tomatosauce
test_1261c,candy
test_1261d,tomatosauce
test_1262a,cereal
test_1262b,candy
test_1262c,juice
test_1262d,milk
test_1263a,spices
test_1263b,vinegar
test_1263c,spices
test_1263d,coffee
test_1264a,cereal
test_1264b,cereal
test_1264c,tea
test_1264d,sugar
test_1265a,jam
test_1265b,chips
test_1265c,coffee
test_1265d,chocolate
test_1266a,tomatosauce
test_1266b,vinegar
test_1266c,sugar
test_1266d,nuts
test_1267a,cake
test_1267b,candy
test_1267c,tea
test_1267d,chocolate
test_1268a,tea
test_1268b,jam
test_1268c,beans
test_1268d,honey
test_1269a,tomatosauce
test_1269b,tomatosauce
test_1269c,chocolate
test_1269d,coffee
test_1270a,jam
test_1270b,soda
test_1270c,candy
test_1270d,candy
test_1271a,tea
test_1271b,sugar
test_1271c,honey
test_1271d,nuts
test_1272a,water
test_1272b,jam
test_1272c,cereal
test_1272d,coffee
test_1273a,oil
test_1273b,corn
test_1273c,pasta
test_1273d,flour
test_1274a,milk
test_1274b,tea
test_1274c,nuts
test_1274d,rice
test_1275a,jam
test_1275b,vinegar
test_1275c,nuts
test_1275d,rice
test_1276a,cereal
test_1276b,nuts
test_1276c,spices
test_1276d,chocolate
test_1277a,tea
test_1277b,rice
test_1277c,milk
test_1277d,candy
test_1278a,candy
test_1278b,chips
test_1278c,tea
test_1278d,chocolate
test_1279a,rice
test_1279b,candy
test_1279c,candy
test_1279d,sugar
test_1280a,coffee
test_1280b,tea
test_1280c,coffee
test_1280d,cake
test_1281a,coffee
test_1281b,water
test_1281c,water
test_1281d,oil
test_1282a,juice
test_1282b,honey
test_1282c,chocolate
test_1282d,pasta
test_1283a,tea
test_1283b,chocolate
test_1283c,juice
test_1283d,rice
test_1284a,nuts
test_1284b,water
test_1284c,honey
test_1284d,soda
test_1285a,tea
test_1285b,fish
test_1285c,tea
test_1285d,milk
test_1286a,rice
test_1286b,juice
test_1286c,chocolate
test_1286d,juice
test_1287a,chocolate
test_1287b,tea
test_1287c,nuts
test_1287d,candy
test_1288a,juice
test_1288b,nuts
test_1288c,juice
test_1288d,cereal
test_1289a,tea
test_1289b,spices
test_1289c,sugar
test_1289d,juice
test_1290a,milk
test_1290b,soda
test_1290c,water
test_1290d,chocolate
test_1291a,cereal
test_1291b,milk
test_1291c,fish
test_1291d,rice
test_1292a,chips
test_1292b,chocolate
test_1292c,nuts
test_1292d,chips
test_1293a,water
test_1293b,chocolate
test_1293c,candy
test_1293d,juice
test_1294a,soda
test_1294b,nuts
test_1294c,cereal
test_1294d,milk
test_1295a,chips
test_1295b,pasta
test_1295c,chips
test_1295d,spices
test_1296a,tomatosauce
test_1296b,rice
test_1296c,rice
test_1296d,water
test_1297a,tea
test_1297b,honey
test_1297c,honey
test_1297d,jam
test_1298a,sugar
test_1298b,honey
test_1298c,beans
test_1298d,candy
test_1299a,cake
test_1299b,tea
test_1299c,jam
test_1299d,juice
test_1300a,juice
test_1300b,nuts
test_1300c,water
test_1300d,pasta
test_1301a,chips
test_1301b,tea
test_1301c,chips
test_1301d,honey
test_1302a,chocolate
test_1302b,juice
test_1302c,jam
test_1302d,coffee
test_1303a,water
test_1303b,water
test_1303c,chips
test_1303d,juice
test_1304a,soda
test_1304b,tea
test_1304c,soda
test_1304d,cake
test_1305a,chocolate
test_1305b,pasta
test_1305c,chips
test_1305d,sugar
test_1306a,pasta
test_1306b,jam
test_1306c,pasta
test_1306d,candy
test_1307a,corn
test_1307b,tomatosauce
test_1307c,coffee
test_1307d,candy
test_1308a,soda
test_1308b,sugar
test_1308c,chips
test_1308d,juice
test_1309a,rice
test_1309b,tea
test_1309c,candy
test_1309d,chocolate
test_1310a,juice
test_1310b,jam
test_1310c,jam
test_1310d,jam
test_1311a,rice
test_1311b,pasta
test_1311c,tea
test_1311d,soda
test_1312a,beans
test_1312b,juice
test_1312c,tea
test_1312d,sugar
test_1313a,soda
test_1313b,honey
test_1313c,water
test_1313d,coffee
test_1314a,vinegar
test_1314b,candy
test_1314c,tea
test_1314d,juice
test_1315a,tea
test_1315b,chocolate
test_1315c,tomatosauce
test_1315d,tea
test_1316a,honey
test_1316b,tea
test_1316c,cereal
test_1316d,chocolate
test_1317a,jam
test_1317b,vinegar
test_1317c,coffee
test_1317d,tea
test_1318a,chocolate
test_1318b,beans
test_1318c,candy
test_1318d,sugar
test_1319a,coffee
test_1319b,jam
test_1319c,beans
test_1319d,chips
test_1320a,juice
test_1320b,pasta
test_1320c,flour
test_1320d,nuts
test_1321a,chips
test_1321b,candy
test_1321c,jam
test_1321d,tomatosauce
test_1322a,corn
test_1322b,soda
test_1322c,nuts
test_1322d,nuts
test_1323a,tea
test_1323b,juice
test_1323c,juice
test_1323d,cake
test_1324a,juice
test_1324b,cereal
test_1324c,vinegar
test_1324d,beans
test_1325a,beans
test_1325b,cereal
test_1325c,cake
test_1325d,sugar
test_1326a,vinegar
test_1326b,chocolate
test_1326c,beans
test_1326d,juice
test_1327a,oil
test_1327b,milk
test_1327c,milk
test_1327d,water
test_1328a,tea
test_1328b,tea
test_1328c,chips
test_1328d,juice
test_1329a,jam
test_1329b,nuts
test_1329c,soda
test_1329d,cereal
test_1330a,beans
test_1330b,sugar
test_1330c,chips
test_1330d,chocolate
test_1331a,chocolate
test_1331b,tomatosauce
test_1331c,honey
test_1331d,milk
test_1332a,nuts
test_1332b,chocolate
test_1332c,cereal
test_1332d,cereal
test_1333a,flour
test_1333b,soda
test_1333c,spices
test_1333d,cake
test_1334a,chocolate
test_1334b,candy
test_1334c,coffee
test_1334d,candy
test_1335a,nuts
test_1335b,soda
test_1335c,chips
test_1335d,cereal
test_1336a,nuts
test_1336b,coffee
test_1336c,chocolate
test_1336d,nuts
test_1337a,beans
test_1337b,honey
test_1337c,sugar
test_1337d,spices
test_1338a,spices
test_1338b,coffee
test_1338c,honey
test_1338d,coffee
test_1339a,sugar
test_1339b,oil
test_1339c,nuts
test_1339d,beans
test_1340a,milk
test_1340b,chocolate
test_1340c,milk
test_1340d,cake
test_1341a,rice
test_1341b,cereal
test_1341c,chips
test_1341d,nuts
test_1342a,chips
test_1342b,candy
test_1342c,tomatosauce
test_1342d,vinegar
test_1343a,candy
test_1343b,juice
test_1343c,rice
test_1343d,chocolate
test_1344a,rice
test_1344b,flour
test_1344c,chocolate
test_1344d,juice
test_1345a,beans
test_1345b,pasta
test_1345c,cereal
test_1345d,tea
test_1346a,coffee
test_1346b,corn
test_1346c,spices
test_1346d,juice
test_1347a,beans
test_1347b,cake
test_1347c,fish
test_1347d,chips
test_1348a,milk
test_1348b,beans
test_1348c,cereal
test_1348d,corn
test_1349a,rice
test_1349b,nuts
test_1349c,juice
test_1349d,coffee
test_1350a,cereal
test_1350b,flour
test_1350c,juice
test_1350d,flour
test_1351a,jam
test_1351b,sugar
test_1351c,tomatosauce
test_1351d,juice
test_1352a,milk
test_1352b,water
test_1352c,rice
test_1352d,fish
test_1353a,candy
test_1353b,cereal
test_1353c,candy
test_1353d,chocolate
test_1354a,beans
test_1354b,tea
test_1354c,oil
test_1354d,sugar
test_1355a,oil
test_1355b,juice
test_1355c,soda
test_1355d,coffee
test_1356a,chocolate
test_1356b,juice
test_1356c,pasta
test_1356d,chips
test_1357a,cereal
test_1357b,chocolate
test_1357c,soda
test_1357d,jam
test_1358a,chips
test_1358b,candy
test_1358c,tomatosauce
test_1358d,rice
test_1359a,fish
test_1359b,beans
test_1359c,water
test_1359d,sugar
test_1360a,milk
test_1360b,soda
test_1360c,juice
test_1360d,milk
test_1361a,chocolate
test_1361b,nuts
test_1361c,juice
test_1361d,nuts
test_1362a,chocolate
test_1362b,honey
test_1362c,sugar
test_1362d,jam
test_1363a,vinegar
test_1363b,candy
test_1363c,beans
test_1363d,sugar
test_1364a,cereal
test_1364b,sugar
test_1364c,cake
test_1364d,oil
test_1365a,tomatosauce
test_1365b,beans
test_1365c,tea
test_1365d,tea
test_1366a,beans
test_1366b,juice
test_1366c,pasta
test_1366d,juice
test_1367a,tea
test_1367b,coffee
test_1367c,chocolate
test_1367d,candy
test_1368a,soda
test_1368b,chocolate
test_1368c,rice
test_1368d,tea
test_1369a,soda
test_1369b,corn
test_1369c,water
test_1369d,coffee
test_1370a,soda
test_1370b,beans
test_1370c,water
test_1370d,candy
test_1371a,vinegar
test_1371b,tea
test_1371c,oil
test_1371d,vinegar
test_1372a,nuts
test_1372b,tea
test_1372c,chocolate
test_1372d,jam
test_1373a,juice
test_1373b,tea
test_1373c,spices
test_1373d,sugar
test_1374a,chips
test_1374b,water
test_1374c,cake
test_1374d,honey
test_1375a,candy
test_1375b,chocolate
test_1375c,candy
test_1375d,nuts
test_1376a,tomatosauce
test_1376b,juice
test_1376c,chocolate
test_1376d,rice
test_1377a,juice
test_1377b,tomatosauce
test_1377c,vinegar
test_1377d,water
test_1378a,honey
test_1378b,tomatosauce
test_1378c,nuts
test_1378d,honey
test_1379a,juice
test_1379b,juice
test_1379c,juice
test_1379d,water
test_1380a,fish
test_1380b,tea
test_1380c,sugar
test_1380d,soda
test_1381a,juice
test_1381b,tea
test_1381c,tea
test_1381d,water
test_1382a,fish
test_1382b,candy
test_1382c,tea
test_1382d,cereal
test_1383a,cereal
test_1383b,nuts
test_1383c,rice
test_1383d,sugar
test_1384a,juice
test_1384b,tea
test_1384c,chocolate
test_1384d,sugar
test_1385a,coffee
test_1385b,nuts
test_1385c,honey
test_1385d,rice
test_1386a,juice
test_1386b,tea
test_1386c,chocolate
test_1386d,spices
test_1387a,vinegar
test_1387b,oil
test_1387c,soda
test_1387d,honey
test_1388a,tea
test_1388b,chocolate
test_1388c,tea
test_1388d,tomatosauce
test_1389a,rice
test_1389b,candy
test_1389c,sugar
test_1389d,rice
test_1390a,flour
test_1390b,corn
test_1390c,corn
test_1390d,sugar
test_1391a,water
test_1391b,cereal
test_1391c,sugar
test_1391d,coffee
test_1392a,jam
test_1392b,nuts
test_1392c,tea
test_1392d,chocolate
test_1393a,tea
test_1393b,jam
test_1393c,soda
test_1393d,juice
test_1394a,spices
test_1394b,water
test_1394c,sugar
test_1394d,chocolate
test_1395a,milk
test_1395b,chips
test_1395c,spices
test_1395d,honey
test_1396a,vinegar
test_1396b,jam
test_1396c,beans
test_1396d,milk
test_1397a,beans
test_1397b,oil
test_1397c,milk
test_1397d,jam
test_1398a,flour
test_1398b,soda
test_1398c,corn
test_1398d,juice
test_1399a,candy
test_1399b,water
test_1399c,honey
test_1399d,coffee
test_1400a,nuts
test_1400b,tea
test_1400c,corn
test_1400d,chocolate
test_1401a,tea
test_1401b,sugar
test_1401c,tea
test_1401d,tea
test_1402a,sugar
test_1402b,jam
test_1402c,juice
test_1402d,chocolate
test_1403a,cereal
test_1403b,sugar
test_1403c,spices
test_1403d,chocolate
test_1404a,rice
test_1404b,cake
test_1404c,honey
test_1404d,cereal
test_1405a,milk
test_1405b,tea
test_1405c,spices
test_1405d,cake
test_1406a,sugar
test_1406b,chocolate
test_1406c,candy
test_1406d,tea
test_1407a,tea
test_1407b,chocolate
test_1407c,beans
test_1407d,candy
test_1408a,nuts
test_1408b,beans
test_1408c,juice
test_1408d,cake
test_1409a,juice
test_1409b,sugar
test_1409c,coffee
test_1409d,cereal
test_1410a,beans
test_1410b,jam
test_1410c,juice
test_1410d,juice
test_1411a,candy
test_1411b,fish
test_1411c,oil
test_1411d,cake
test_1412a,chocolate
test_1412b,oil
test_1412c,coffee
test_1412d,candy
test_1413a,sugar
test_1413b,corn
test_1413c,jam
test_1413d,spices
test_1414a,chips
test_1414b,honey
test_1414c,oil
test_1414d,tea
test_1415a,rice
test_1415b,juice
test_1415c,jam
test_1415d,candy
test_1416a,cake
test_1416b,beans
test_1416c,tea
test_1416d,chocolate
test_1417a,spices
test_1417b,sugar
test_1417c,chocolate
test_1417d,cake
test_1418a,tea
test_1418b,candy
test_1418c,nuts
test_1418d,corn
test_1419a,chips
test_1419b,tea
test_1419c,tea
test_1419d,juice
test_1420a,cereal
test_1420b,pasta
test_1420c,rice
test_1420d,juice
test_1421a,coffee
test_1421b,chocolate
test_1421c,nuts
test_1421d,nuts
test_1422a,juice
test_1422b,water
test_1422c,juice
test_1422d,rice
test_1423a,flour
test_1423b,nuts
test_1423c,juice
test_1423d,honey
test_1424a,chocolate
test_1424b,juice
test_1424c,milk
test_1424d,chips
test_1425a,sugar
test_1425b,water
test_1425c,chocolate
test_1425d,water
test_1426a,corn
test_1426b,candy
test_1426c,corn
test_1426d,candy
test_1427a,tea
test_1427b,juice
test_1427c,jam
test_1427d,oil
test_1428a,candy
test_1428b,jam
test_1428c,cereal
test_1428d,tea
test_1429a,soda
test_1429b,chocolate
test_1429c,juice
test_1429d,chocolate
test_1430a,cereal
test_1430b,sugar
test_1430c,juice
test_1430d,coffee
test_1431a,chocolate
test_1431b,tea
test_1431c,nuts
test_1431d,spices
test_1432a,nuts
test_1432b,tea
test_1432c,honey
test_1432d,milk
